Test_File,Predicted_y,MAE
YH_2026_024_DEE_A.CSV,0.8178642416025035,0.01786424160250344
YH_2026_024_DEE_B.CSV,0.8948574732233432,0.09485747322334315
YH_2026_024_DEE_C.CSV,0.971548099484113,0.17154809948411298
YH_2026_024_DMSO_A.CSV,0.7863033177579755,0.013696682242024583
YH_2026_024_DMSO_B.CSV,0.8082292249197022,0.008229224919702127
YH_2026_024_DMSO_C.CSV,0.8607037849401381,0.06070378494013806
YH_2026_024_IPA_A.CSV,0.8604636815190158,0.06046368151901571
YH_2026_024_IPA_B.CSV,0.7355870005379006,0.06441299946209944
YH_2026_024_IPA_C.CSV,0.8304753777011006,0.030475377701100537
YH_2026_024_Water_A.CSV,0.7944534408278296,0.0055465591721703955
YH_2026_024_Water_B.CSV,0.7939550792527293,0.006044920747270699
YH_2026_024_Water_C.CSV,0.8304577130128299,0.030457713012829846
